Acabamentos para Construção e Reformas,Acessórios para Banheiros
Acabamentos para Construção e Reformas,Bancadas
Acabamentos para Construção e Reformas,Box para Banheiros
Acabamentos para Construção e Reformas,Cerâmica
Acabamentos para Construção e Reformas,Comércio de Divisórias
Acabamentos para Construção e Reformas,Comércio de Divisórias
Acabamentos para Construção e Reformas,Comércio de Forros
Acabamentos para Construção e Reformas,Comércio de Forros e Divisórias
Acabamentos para Construção e Reformas,Comércio de Forros e Divisórias
Acabamentos para Construção e Reformas,Gesso
Acabamentos para Construção e Reformas,Granito e Granilite
Acabamentos para Construção e Reformas,Lojas de Tintas e Pinturas
Acabamentos para Construção e Reformas,Lojas de Tintas e Pinturas
Acabamentos para Construção e Reformas,Lojas de Tintas e Pinturas
Acabamentos para Construção e Reformas,"Mármores, Granitos e Granilites"
Acabamentos para Construção e Reformas,Pinturas Industriais
Acabamentos para Construção e Reformas,Pisos de Concreto e Intertravados
Acabamentos para Construção e Reformas,Pisos e Revestimentos
Acabamentos para Construção e Reformas,Toldos e Coberturas
Acabamentos para Construção e Reformas,Vernizes
Administração Financeira,Administração de Bens
Administração Financeira,Administração de Condomínios
Administração Financeira,Administração de Condomínios Empresariais
Administração Financeira,Administração de Empresas
Administração Financeira,Agências de Cobrança
Administração Financeira,Agências de Cobrança
Administração Financeira,Assessoria Financeira
Administração Financeira,Assessoria Previdenciária
Administração Financeira,Serviços de Proteção Ao Crédito
Administração Financeira,Tributos
Administradoras de Serviços para Empresas,Administração de Cartões e Convênios
Administradoras de Serviços para Empresas,Administração de Cartões e Convênios de Farmácias
Administradoras de Serviços para Empresas,Administração de Cartões e Convênios de Refeições
Administradoras de Serviços para Empresas,Administração de Cartões e Convênios para Crédito Consignado em Folha
Administradoras de Serviços para Empresas,Assessoria de Exportação e Importação
Administradoras de Serviços para Empresas,Benefícios para o Colaborador
Administradoras de Serviços para Empresas,Consultoria em Vendas
Administradoras de Serviços para Empresas,Escritórios Temporários
Administradoras de Serviços para Empresas,Mala Direta
Administradoras de Serviços para Empresas,Serviço de Atendimento a Clientes e Usuários
Administradoras de Serviços para Empresas,Serviços de Cadastro
Administradoras de Serviços para Empresas,Sistemas de Venda de Crédito
Agências,Agências de Notícia
Agências,Agências de Publicidade e Propaganda
"Águas, Esgotos e Saneamento",Análise e Tratamento de Água
"Águas, Esgotos e Saneamento",Licenciamentos e Saneamento
"Alimento Natural, Orgânico e Especial",Algas Marinhas
"Alimento Natural, Orgânico e Especial",Alimentos Desidratados
"Alimento Natural, Orgânico e Especial",Alimentos Dietéticos
"Alimento Natural, Orgânico e Especial","Alimentos Naturais, Orgânicos e Especiais"
"Alimento Natural, Orgânico e Especial",Alimentos em Conserva
"Alimento Natural, Orgânico e Especial",Atacado e Fabricação de Produtos Naturais
"Alimento Natural, Orgânico e Especial",Cereais
"Alimento Natural, Orgânico e Especial",Comércio de Alimentos Congelados
"Alimento Natural, Orgânico e Especial",Comércio de Amidos
"Alimento Natural, Orgânico e Especial",Comércio de Essências e Corantes
"Alimento Natural, Orgânico e Especial",Mel e Derivados
"Alimento Natural, Orgânico e Especial",Produtos Naturais
"Alimento Natural, Orgânico e Especial",Produtos Orgânicos
"Alimento Natural, Orgânico e Especial",Produtos Regionais
"Alimento Natural, Orgânico e Especial",Rotisserias
"Alimento Natural, Orgânico e Especial",Suplementos Alimentares
"Alimento Natural, Orgânico e Especial",Temperos
Aluguel de Espaços para Eventos e Festas,Buffet e Salões para Eventos e Festas
Aluguel de Espaços para Eventos e Festas,Buffet e Salões para Eventos e Festas
Aluguel de Espaços para Eventos e Festas,Casas para Eventos e Festas
Análises de Mercado,Serviços de Compras
Análises de Mercado,Serviços de Informações de Comerciais
Arte e Cultura,Artesanato
Arte e Cultura,Bibliotecas
Arte e Cultura,Centros Culturais
Arte e Cultura,Galerias de Arte
Arte e Cultura,Livrarias
Arte e Cultura,Museus
Arte e Cultura,Música ao Vivo
Arte e Cultura,Sebos
Arte e Cultura,Teatros
Artefatos de Cimento e Concreto,Artefatos de Cimento
Artefatos de Cimento e Concreto,Cimento e Areia
Artefatos de Cimento e Concreto,Concreto
Artefatos de Cimento e Concreto,Pedras
Artefatos de Cimento e Concreto,Pré Fabricados
Artefatos de Cimento e Concreto,Pré Moldados
Assessoria para Certidões e Registros,Registro de Marcas e Patentes
Assessoria Rural,Administração Agricola e Pecuária
Assessoria Rural,Assessoria  para Agricultura e Pecuária
Assessoria Rural,Assessoria em Agronegócios
Assessoria Rural,Cooperativas de Produtores
Assessorias Jurídicas,Assessoria Jurídica
Assessorias Jurídicas,Assessoria e Documentação para Aposentadoria
Assessorias para Empresas e Comércio Exterior,Assessoria Empresarial
Assessorias para Empresas e Comércio Exterior,Assessoria para Comércio Exterior
Assessorias para Empresas e Comércio Exterior,Assessoria para Importação e Exportação
Assessorias para Empresas e Comércio Exterior,Consultoria Empresarial
Associações,Associações Sociais
Associações e Organizações,Associações Beneficentes
Associações e Organizações,Associações Comerciais
Associações e Organizações,"Associações Culturais, Desportivas e Sociais"
Associações e Organizações,Associações de Classe
Associações e Organizações,Organizações Não-Governamentais
"Aves, Carnes e Pescados",Açougues e Frigoríficos
"Aves, Carnes e Pescados",Espetinhos
"Aves, Carnes e Pescados",Granjas
"Aves, Carnes e Pescados",Granjas
"Aves, Carnes e Pescados",Peixarias
Bares e Pubs,Adegas
Bares e Pubs,Bares
Bares e Pubs,Cachaçarias
Bares e Pubs,Choperias e Cervejarias
"Cama, Mesa e Banho",Banheiras
"Cama, Mesa e Banho",Colchões
"Cama, Mesa e Banho",Comércio e Fabricação de Lixeiras
"Cama, Mesa e Banho","Lojas de Artigos para Cama, Mesa e Banho"
"Cama, Mesa e Banho",Lojas de Colchões
"Cama, Mesa e Banho",Redes de Dormir
"Cama, Mesa e Banho",Roupas e Artigos
"Cama, Mesa e Banho",Telas Mosquiteiras
"Cartomante, Quiromante, Búzios e Tarô","Cartomante, Quiromante, Búzios e Tarô"
"Cartomante, Quiromante, Búzios e Tarô",Numerologia
"Celulares, Tablets e Smartphones",Assistência Técnica para Celulares
"Celulares, Tablets e Smartphones",Comércio de Celulares e Acessórios
Cemitérios e Crematórios,Cemitérios
Cemitérios e Crematórios,Crematórios
Climatização e Ventilação,Aquecedores de Água
Climatização e Ventilação,Artigos e Equipamentos para Ventilação
Climatização e Ventilação,Comércio e Manutenção de Aquecedores
Climatização e Ventilação,Sistemas de Calefação e Climatização
Clinicas e Laboratórios para Animais,Clínicas Veterinárias
Clinicas e Laboratórios para Animais,Clínicas Veterinárias
Clinicas e Laboratórios para Animais,Hospitais Veterinários
"Clínicas, Médicos e Terapias",Acupuntura
"Clínicas, Médicos e Terapias",Acupunturistas
"Clínicas, Médicos e Terapias",Alergologistas e Imunologistas
"Clínicas, Médicos e Terapias",Angiologistas e Cirurgiões Vasculares
"Clínicas, Médicos e Terapias",Atendimento Domiciliar
"Clínicas, Médicos e Terapias",Cardiologistas
"Clínicas, Médicos e Terapias",Casas de Repouso
"Clínicas, Médicos e Terapias",Centros de Atenção
"Clínicas, Médicos e Terapias",Citopatologia
"Clínicas, Médicos e Terapias",Clínicas Cardiovasculares
"Clínicas, Médicos e Terapias",Clínicas Cérvico-Facial
"Clínicas, Médicos e Terapias",Clínicas Geriátricas
"Clínicas, Médicos e Terapias",Clínicas Médicas Gerais
"Clínicas, Médicos e Terapias",Clínicas Odontológicas
"Clínicas, Médicos e Terapias",Clínicas Ortopédicas
"Clínicas, Médicos e Terapias",Clínicas Pediátricas
"Clínicas, Médicos e Terapias",Clínicas Psiquiátricas
"Clínicas, Médicos e Terapias",Clínicas de Audiometria
"Clínicas, Médicos e Terapias",Clínicas de Cardiologia
"Clínicas, Médicos e Terapias",Clínicas de Dermatologia
"Clínicas, Médicos e Terapias",Clínicas de Diagnósticos por Imagens
"Clínicas, Médicos e Terapias",Clínicas de Fertilização Humana
"Clínicas, Médicos e Terapias",Clínicas de Fisiatria
"Clínicas, Médicos e Terapias",Clínicas de Fisioterapia
"Clínicas, Médicos e Terapias",Clínicas de Fonoaudiologia
"Clínicas, Médicos e Terapias",Clínicas de Hemodiálise
"Clínicas, Médicos e Terapias",Clínicas de Massoterapia
"Clínicas, Médicos e Terapias",Clínicas de Olhos
"Clínicas, Médicos e Terapias",Clínicas de Oncologia
"Clínicas, Médicos e Terapias",Clínicas de Ortopedia
"Clínicas, Médicos e Terapias",Clínicas de Otorrinolaringologia
"Clínicas, Médicos e Terapias",Clínicas de Patologias Genéticas
"Clínicas, Médicos e Terapias",Clínicas de Podologia
"Clínicas, Médicos e Terapias",Clínicas de Quiropraxia
"Clínicas, Médicos e Terapias",Clínicas de Reabilitação para Dependentes Químicos
"Clínicas, Médicos e Terapias",Clínicos Gerais
"Clínicas, Médicos e Terapias",Clínicos Gerais
"Clínicas, Médicos e Terapias","Coloproctologistas (Cólon, Ânus e Reto)"
"Clínicas, Médicos e Terapias",Dermatologistas (Doenças da Pele)
"Clínicas, Médicos e Terapias",Dermatologistas (Doenças da Pele)
"Clínicas, Médicos e Terapias",Endocrinologistas e Metabologistas
"Clínicas, Médicos e Terapias",Endocrinologistas e Metabologistas
"Clínicas, Médicos e Terapias",Equipamentos Hospitalares
"Clínicas, Médicos e Terapias",Fitoterapia e Armonização
"Clínicas, Médicos e Terapias",Gastroenterologista
"Clínicas, Médicos e Terapias",Gastroenterologistas (Doenças do Aparelho Digestivo)
"Clínicas, Médicos e Terapias",Geriatras e Doenças da Velhice
"Clínicas, Médicos e Terapias",Ginecologistas
"Clínicas, Médicos e Terapias",Hematologistas e Hemoterapeutas (Doenças do Sangue)
"Clínicas, Médicos e Terapias",Homeopatas
"Clínicas, Médicos e Terapias",Infectologia
"Clínicas, Médicos e Terapias",Infectologistas
"Clínicas, Médicos e Terapias",Mastologistas (Doenças das Mamas)
"Clínicas, Médicos e Terapias",Medicina Nuclear
"Clínicas, Médicos e Terapias",Medicina do Trabalho
"Clínicas, Médicos e Terapias",Nefrologistas (Doenças dos Rins)
"Clínicas, Médicos e Terapias",Neurocirurgiões
"Clínicas, Médicos e Terapias",Neurologistas (Doenças do Sistema Nervoso)
"Clínicas, Médicos e Terapias",Neurologistas Pediátricos
"Clínicas, Médicos e Terapias",Nutricionistas
"Clínicas, Médicos e Terapias",Nutrologistas
"Clínicas, Médicos e Terapias",Nutrologistas
"Clínicas, Médicos e Terapias",Oftalmologistas
"Clínicas, Médicos e Terapias",Oftalmologistas
"Clínicas, Médicos e Terapias",Oncologistas
"Clínicas, Médicos e Terapias",Ortopedistas e Traumatologistas (Ossos e Articulações)
"Clínicas, Médicos e Terapias","Otorrinolaringologistas (Ouvidos, Nariz e Garganta)"
"Clínicas, Médicos e Terapias",Pediatras e Pediatria
"Clínicas, Médicos e Terapias",Pilates
"Clínicas, Médicos e Terapias",Pneumologistas
"Clínicas, Médicos e Terapias",Psicanalistas
"Clínicas, Médicos e Terapias",Psicólogos
"Clínicas, Médicos e Terapias",Psiquiatras
"Clínicas, Médicos e Terapias",Psiquiatria
"Clínicas, Médicos e Terapias",Radiologia e Diagnóstico por Imagem
"Clínicas, Médicos e Terapias",Radiologia e Diagnósticos
"Clínicas, Médicos e Terapias",Reumatologistas
"Clínicas, Médicos e Terapias",Sexologia
"Clínicas, Médicos e Terapias",Ultrassonografia e Ecocardiograma
"Clínicas, Médicos e Terapias",Urologia
"Clínicas, Médicos e Terapias",Urologistas
"Clínicas, Médicos e Terapias",Vacinação
Comércio de Materiais de Construção,Artigos para Marcenaria
Comércio de Materiais de Construção,Blocos de Concreto
Comércio de Materiais de Construção,Blocos e Tijolos
Comércio de Materiais de Construção,Casa de Material de Construção
Comércio de Materiais de Construção,Casa de Material de Construção
Comércio de Materiais de Construção,Comércio de Madeiras
Comércio de Materiais de Construção,Comércio de Madeiras
Comércio de Materiais de Construção,Comércio de Madeiras
Comércio de Materiais de Construção,Comércio de Parafusos e Porcas
Comércio de Materiais de Construção,Comércio de Telhas
Comércio de Materiais de Construção,Escoras para Construção
Comércio de Materiais de Construção,Estruturas para Construções
Comércio de Materiais de Construção,Fabricação e Instalação de Lajes
Comércio de Materiais de Construção,Grades
Comércio de Materiais de Construção,Lojas de Fechaduras
Comércio de Materiais de Construção,"Máquinas, Ferramentas Elétricas e Manuais"
Comércio de Materiais de Construção,Piscinas
Comércio de Materiais de Construção,"Portas, Portões e Janelas"
Comércio de Materiais e Equipamentos de Segurança,Armas e Munições
Comércio de Materiais e Equipamentos de Segurança,Cercas Elétricas
Comércio de Materiais e Equipamentos de Segurança,Comércio de Redes de Proteção
Comércio de Materiais e Equipamentos de Segurança,Concertinas
Comércio de Materiais e Equipamentos de Segurança,Conserto de Cofres
Comércio de Materiais e Equipamentos de Segurança,Cordas
Comércio de Materiais e Equipamentos de Segurança,Equipamentos de Combate a Incêndio
Comércio de Materiais e Equipamentos de Segurança,Equipamentos de Segurança
Comércio de Materiais e Equipamentos de Segurança,Guaritas
Comércio de Materiais e Equipamentos de Segurança,Portas Automáticas
Comércio de Materiais e Equipamentos de Segurança,Portas de Segurança
Comércio de Materiais e Equipamentos de Segurança,Portões Eletrônicos
Comércio de Materiais e Equipamentos de Segurança,Prevenção de Incêndio
Comércio de Materiais e Equipamentos de Segurança,Projetos e Automação de Sistemas de Segurança
Comércio de Materiais e Equipamentos de Segurança,Segurança Empresarial
Comércio de Materiais e Equipamentos de Segurança,Serviços de Vigilância
Comércio de Materiais e Equipamentos de Segurança,Sistemas Eletrônicos de Segurança
Comércio de Materiais e Equipamentos de Segurança,Sistemas de Segurança
Comércio de Materiais e Equipamentos de Segurança,Venda e Instalação de Alarmes
Comércio de Planos de Saúde e Odontológicos,Planos de Saúde e Odontológico
Comércio de Planos de Saúde e Odontológicos,Planos de Saúde e Odontológico
Comércio de Produtos Agropecuários,Comércio de Algodão
Comércio de Produtos Agropecuários,Comércio de Tambores e Tonéis
Comércio de Produtos Agropecuários,Comércio e Fornecimento de Café
Comércio de Produtos Agropecuários,Lojas de Artigos para Pesca e Psicultura
Comércio de Produtos Agropecuários,Lojas de Produtos Agropecuários
Comércio de Produtos Agropecuários,Produtos Agropecuários
Comércio de Produtos e Serviços,Aluguel e Arrendamento de Máquinas e Equipamentos
Comércio de Produtos e Serviços,Aluguel e Arrendamento de Máquinas e Equipamentos
Comércio de Produtos e Serviços,Anodização
Comércio de Produtos e Serviços,Artigos e Equipamentos de Surf e Windsurf
Comércio de Produtos e Serviços,Artigos e Equipamentos para Bilhar e Sinuca
Comércio de Produtos e Serviços,Artigos e Equipamentos para Embalagens
Comércio de Produtos e Serviços,Artigos e Equipamentos para Hotéis e Motéis
Comércio de Produtos e Serviços,Artigos e Equipamentos para Lojas em Geral
Comércio de Produtos e Serviços,"Assistência Técnica de CDs, DVDs e Blu-Ray"
Comércio de Produtos e Serviços,Assistência Técnica e Conserto de Ar Condicionado
Comércio de Produtos e Serviços,Assistência Técnica e Conserto de Fogões
Comércio de Produtos e Serviços,Assistência Técnica e Conserto de Fogões
Comércio de Produtos e Serviços,Assistência Técnica e Conserto de Máquinas de Lavar Roupa
Comércio de Produtos e Serviços,Assistência Técnica e Conserto de Televisores
Comércio de Produtos e Serviços,Assistência Técnica para Eletrodomésticos
Comércio de Produtos e Serviços,Assistência Técnica para Eletrônicos em Geral
Comércio de Produtos e Serviços,Atacado e Fabricação de Artigos de Equipamentos Esportivos
Comércio de Produtos e Serviços,Aço Inoxidável e Ligas Especiais
Comércio de Produtos e Serviços,Caixas Industriais
Comércio de Produtos e Serviços,Casas de Câmbio
Comércio de Produtos e Serviços,Caça e Pesca
Comércio de Produtos e Serviços,Chapas e Perfis de Aluminio
Comércio de Produtos e Serviços,Chapas e Perfis de Aluminio
Comércio de Produtos e Serviços,Compra e Venda de Sucata
Comércio de Produtos e Serviços,Comércio de Artefatos e Peças de Borracha
Comércio de Produtos e Serviços,Comércio de Capas
Comércio de Produtos e Serviços,Comércio de Equipamentos e Acessórios Náuticos
Comércio de Produtos e Serviços,Comércio de Estopas
Comércio de Produtos e Serviços,Comércio de Fumo
Comércio de Produtos e Serviços,Comércio de Instrumentos Musicais
Comércio de Produtos e Serviços,Comércio de Mangueiras e Acoplamentos Pneumáticos e Hidráulicos
Comércio de Produtos e Serviços,Comércio de Produtos para Caça e Pesca
Comércio de Produtos e Serviços,Comércio e Aluguel de Artigos para Jogos em Geral
Comércio de Produtos e Serviços,Comércio e Distribuição de Descartáveis
Comércio de Produtos e Serviços,Comércio e Distribuição de Embalagens
Comércio de Produtos e Serviços,Comércio e Distribuição de Rolamentos e Retentores
Comércio de Produtos e Serviços,Comércio e Distribuição de Rolamentos e Retentores
Comércio de Produtos e Serviços,Comércio e Instalação de Antenas e Parabólicas
Comércio de Produtos e Serviços,Comércio e Instalação de Antenas e Parabólicas
Comércio de Produtos e Serviços,Comércio e Manutenção de Aparelhos para Ginástica
Comércio de Produtos e Serviços,Conserto de Máquinas Fotográficas
Comércio de Produtos e Serviços,Conserto e Venda de Antenas
Comércio de Produtos e Serviços,Corte a laser
Comércio de Produtos e Serviços,Cozinhas Industriais
Comércio de Produtos e Serviços,Cromagem
Comércio de Produtos e Serviços,Distribuidores de Gás
Comércio de Produtos e Serviços,Elevadores Industriais
Comércio de Produtos e Serviços,Empresas Variadas
Comércio de Produtos e Serviços,Empresas e Indústrias Diversas
Comércio de Produtos e Serviços,Engarrafadores de Bebidas
Comércio de Produtos e Serviços,Equipamentos e Aparelhos para Estética
Comércio de Produtos e Serviços,Equipamentos e Instalações Comerciais
Comércio de Produtos e Serviços,Equipamentos para Parques de Diversões
Comércio de Produtos e Serviços,"Fabricação e Manutenção de Barcos, Veleiros e Lanchas"
Comércio de Produtos e Serviços,Importação e Exportação de Produtos e Serviços
Comércio de Produtos e Serviços,Incineradores
Comércio de Produtos e Serviços,Joalheiros
Comércio de Produtos e Serviços,Loja de Materiais Elétricos
Comércio de Produtos e Serviços,Loja de Tecidos
Comércio de Produtos e Serviços,Lojas de Ar Condicionado
Comércio de Produtos e Serviços,Lojas de Ar Condicionado
Comércio de Produtos e Serviços,Lojas de Artigos Esportivos
Comércio de Produtos e Serviços,Lojas de Artigos e Peças para Eletrodomésticos
Comércio de Produtos e Serviços,Lojas de Artigos para Ballet
Comércio de Produtos e Serviços,Lojas de Aviamentos
Comércio de Produtos e Serviços,"Lojas de CDs, DVDs e Blu-Ray"
Comércio de Produtos e Serviços,Lojas de Componentes Eletrônicos
Comércio de Produtos e Serviços,Lojas de Eletrodomésticos
Comércio de Produtos e Serviços,Lojas de Eletrônicos
Comércio de Produtos e Serviços,Lojas de Games e Consoles
Comércio de Produtos e Serviços,Lojas de Peças e Acessórios para Relógios
Comércio de Produtos e Serviços,Lojas de Som e Vídeo
Comércio de Produtos e Serviços,Lojas de Suprimentos e Equipamentos para Academias
Comércio de Produtos e Serviços,Manutenção e Assistência para Refrigeração e Ventilação
Comércio de Produtos e Serviços,Manutenção e Assistência para Refrigeração e Ventilação
Comércio de Produtos e Serviços,Manutenção e Comércio de Videocassetes
Comércio de Produtos e Serviços,"Molas de Tração, Compressão e Torção"
Comércio de Produtos e Serviços,Máquinas de Embalagem
Comércio de Produtos e Serviços,Máquinas para Fabricar Velas
Comércio de Produtos e Serviços,Peças e Acessórios para Ar-Condicionado
Comércio de Produtos e Serviços,Produtos e Serviços Diversos
Comércio de Produtos e Serviços,Projetos e Instalações de Som
Comércio de Produtos e Serviços,Sapatarias
Comércio de Produtos e Serviços,Semi Jóias
Comércio de Produtos e Serviços,Shopping Centers
Comércio de Produtos e Serviços,Tinturarias
Comércio de Produtos e Serviços,Transportadores Industriais
Comercio de Produtos e Serviços,Aluguel e Arrendamento de Máquinas e Equipamentos
Comercio de Produtos e Serviços,Aluguel e Arrendamento de Máquinas e Equipamentos
Comercio de Produtos e Serviços,Anodização
Comercio de Produtos e Serviços,Artigos e Equipamentos de Surf e Windsurf
Comercio de Produtos e Serviços,Artigos e Equipamentos para Bilhar e Sinuca
Comercio de Produtos e Serviços,Artigos e Equipamentos para Embalagens
Comercio de Produtos e Serviços,Artigos e Equipamentos para Hotéis e Motéis
Comercio de Produtos e Serviços,Artigos e Equipamentos para Lojas em Geral
Comercio de Produtos e Serviços,"Assistência Técnica de CDs, DVDs e Blu-Ray"
Comercio de Produtos e Serviços,Assistência Técnica e Conserto de Ar Condicionado
Comercio de Produtos e Serviços,Assistência Técnica e Conserto de Fogões
Comercio de Produtos e Serviços,Assistência Técnica e Conserto de Fogões
Comercio de Produtos e Serviços,Assistência Técnica e Conserto de Máquinas de Lavar Roupa
Comercio de Produtos e Serviços,Assistência Técnica e Conserto de Televisores
Comercio de Produtos e Serviços,Assistência Técnica para Eletrodomésticos
Comercio de Produtos e Serviços,Assistência Técnica para Eletrônicos em Geral
Comercio de Produtos e Serviços,Atacado e Fabricação de Artigos de Equipamentos Esportivos
Comercio de Produtos e Serviços,Aço Inoxidável e Ligas Especiais
Comercio de Produtos e Serviços,Caixas Industriais
Comercio de Produtos e Serviços,Casas de Câmbio
Comercio de Produtos e Serviços,Caça e Pesca
Comercio de Produtos e Serviços,Chapas e Perfis de Aluminio
Comercio de Produtos e Serviços,Chapas e Perfis de Aluminio
Comercio de Produtos e Serviços,Compra e Venda de Sucata
Comercio de Produtos e Serviços,Comércio de Artefatos e Peças de Borracha
Comercio de Produtos e Serviços,Comércio de Capas
Comercio de Produtos e Serviços,Comércio de Equipamentos e Acessórios Náuticos
Comercio de Produtos e Serviços,Comércio de Estopas
Comercio de Produtos e Serviços,Comércio de Fumo
Comercio de Produtos e Serviços,Comércio de Instrumentos Musicais
Comercio de Produtos e Serviços,Comércio de Mangueiras e Acoplamentos Pneumáticos e Hidráulicos
Comercio de Produtos e Serviços,Comércio de Produtos para Caça e Pesca
Comercio de Produtos e Serviços,Comércio e Aluguel de Artigos para Jogos em Geral
Comercio de Produtos e Serviços,Comércio e Distribuição de Descartáveis
Comercio de Produtos e Serviços,Comércio e Distribuição de Embalagens
Comercio de Produtos e Serviços,Comércio e Distribuição de Rolamentos e Retentores
Comercio de Produtos e Serviços,Comércio e Distribuição de Rolamentos e Retentores
Comercio de Produtos e Serviços,Comércio e Instalação de Antenas e Parabólicas
Comercio de Produtos e Serviços,Comércio e Instalação de Antenas e Parabólicas
Comercio de Produtos e Serviços,Comércio e Manutenção de Aparelhos para Ginástica
Comercio de Produtos e Serviços,Conserto de Máquinas Fotográficas
Comercio de Produtos e Serviços,Conserto e Venda de Antenas
Comercio de Produtos e Serviços,Corte a laser
Comercio de Produtos e Serviços,Cozinhas Industriais
Comercio de Produtos e Serviços,Cromagem
Comercio de Produtos e Serviços,Distribuidores de Gás
Comercio de Produtos e Serviços,Elevadores Industriais
Comercio de Produtos e Serviços,Empresas Variadas
Comercio de Produtos e Serviços,Empresas e Indústrias Diversas
Comercio de Produtos e Serviços,Engarrafadores de Bebidas
Comercio de Produtos e Serviços,Equipamentos e Aparelhos para Estética
Comercio de Produtos e Serviços,Equipamentos e Instalações Comerciais
Comercio de Produtos e Serviços,Equipamentos para Parques de Diversões
Comercio de Produtos e Serviços,"Fabricação e Manutenção de Barcos, Veleiros e Lanchas"
Comercio de Produtos e Serviços,Importação e Exportação de Produtos e Serviços
Comercio de Produtos e Serviços,Incineradores
Comercio de Produtos e Serviços,Joalheiros
Comercio de Produtos e Serviços,Loja de Materiais Elétricos
Comercio de Produtos e Serviços,Loja de Tecidos
Comercio de Produtos e Serviços,Lojas de Ar Condicionado
Comercio de Produtos e Serviços,Lojas de Ar Condicionado
Comercio de Produtos e Serviços,Lojas de Artigos Esportivos
Comercio de Produtos e Serviços,Lojas de Artigos e Peças para Eletrodomésticos
Comercio de Produtos e Serviços,Lojas de Artigos para Ballet
Comercio de Produtos e Serviços,Lojas de Aviamentos
Comercio de Produtos e Serviços,"Lojas de CDs, DVDs e Blu-Ray"
Comercio de Produtos e Serviços,Lojas de Componentes Eletrônicos
Comercio de Produtos e Serviços,Lojas de Eletrodomésticos
Comercio de Produtos e Serviços,Lojas de Eletrônicos
Comercio de Produtos e Serviços,Lojas de Games e Consoles
Comercio de Produtos e Serviços,Lojas de Peças e Acessórios para Relógios
Comercio de Produtos e Serviços,Lojas de Som e Vídeo
Comercio de Produtos e Serviços,Lojas de Suprimentos e Equipamentos para Academias
Comercio de Produtos e Serviços,Manutenção e Assistência para Refrigeração e Ventilação
Comercio de Produtos e Serviços,Manutenção e Assistência para Refrigeração e Ventilação
Comercio de Produtos e Serviços,Manutenção e Comércio de Videocassetes
Comercio de Produtos e Serviços,"Molas de Tração, Compressão e Torção"
Comercio de Produtos e Serviços,Máquinas de Embalagem
Comercio de Produtos e Serviços,Máquinas para Fabricar Velas
Comercio de Produtos e Serviços,Peças e Acessórios para Ar-Condicionado
Comercio de Produtos e Serviços,Produtos e Serviços Diversos
Comercio de Produtos e Serviços,Projetos e Instalações de Som
Comercio de Produtos e Serviços,Sapatarias
Comercio de Produtos e Serviços,Semi Jóias
Comercio de Produtos e Serviços,Shopping Centers
Comercio de Produtos e Serviços,Tinturarias
Comercio de Produtos e Serviços,Transportadores Industriais
Comércio e Aluguel de Produtos para Eventos e Festas,Aluguel de  Mesas e Cadeiras para Eventos e Festas
Comércio e Aluguel de Produtos para Eventos e Festas,Aluguel de Brinquedos
Comércio e Aluguel de Produtos para Eventos e Festas,Aluguel de Equipamentos para Eventos e Festas
Comércio e Aluguel de Produtos para Eventos e Festas,Aluguel de Equipamentos para Eventos e Festas
Comércio e Aluguel de Produtos para Eventos e Festas,Artigos de Identificação para Eventos
Comércio e Aluguel de Produtos para Eventos e Festas,Comércio e Aluguel de Banheiros Químicos
Comércio e Aluguel de Produtos para Eventos e Festas,Comércio e Aluguel de Banheiros Químicos
Comércio e Aluguel de Produtos para Eventos e Festas,Doces e Salgados
Comércio e Aluguel de Produtos para Eventos e Festas,Equipamentos e Artigos para Eventos e Festas
Comércio e Aluguel de Produtos para Eventos e Festas,Equipamentos e Artigos para Eventos e Festas
Comércio e Aluguel de Produtos para Eventos e Festas,Equipamentos e Artigos para Eventos e Festas
Comércio e Aluguel de Produtos para Eventos e Festas,Fantasias
Comércio e Aluguel de Produtos para Eventos e Festas,Fogos de Artifício
Comércio e Fabricação de Móveis,Arquivos
Comércio e Fabricação de Móveis,Móveis Estofados e Armações
Comércio e Fabricação de Móveis,Móveis Infanto-Juvenis
Comércio e Fabricação de Móveis,Móveis Planejados
Comércio e Fabricação de Móveis,Móveis Rústicos
Comércio e Fabricação de Móveis,Móveis Usados
Comércio e Fabricação de Móveis,"Móveis de Fibra, Vime, Rattan e Junco"
Comércio e Fabricação de Móveis,Móveis de Metal
Comércio e Fabricação de Móveis,Móveis em Geral
Comércio e Fabricação de Móveis,Móveis para Escritório
Comércio e Fabricação de Móveis,Móveis para Salão de Beleza
Comércio e Fabricação de Produtos para Decoração,Antiquários
Comércio e Fabricação de Produtos para Decoração,Artigos de Decoração
Comércio e Fabricação de Produtos para Decoração,Atelier de Arte
Comércio e Fabricação de Produtos para Decoração,Comércio de Velas e Parafina
Comércio e Fabricação de Produtos para Decoração,Espelhos
Comércio e Fabricação de Produtos para Decoração,Lojas de Artigos de Decoração
Comércio e Fabricação de Produtos para Decoração,Molduras e Gravuras
Comércio e Fabricação de Produtos para Decoração,Papel de Parede
Comércio e Fabricação de Produtos para Decoração,Tecidos para Decoração
Comércio e Fabricação de Produtos para Decoração,Velas e Parafina
Comércio e Fabricação de Tapeçarias e Cortinas,Comércio de Tapetes e Carpetes
Comércio e Fabricação de Tapeçarias e Cortinas,Comércio de Tapetes e Carpetes
Comércio e Fabricação de Tapeçarias e Cortinas,Cortinas e Acessórios
Comércio e Fabricação de Tapeçarias e Cortinas,Cortinas e Acessórios
Comércio e Fabricação de Tapeçarias e Cortinas,Persianas e Acessórios
Comércio e Fabricação de Tapeçarias e Cortinas,Persianas e Acessórios
Comércio e Fabricação de Tapeçarias e Cortinas,Tapeçarias
"Comércios de Produtos Religiosos, Esotéricos e Místicos",Comércio de Artigos Maçônicos
"Comércios de Produtos Religiosos, Esotéricos e Místicos",Comércio de Produtos Esotéricos e Místicos
"Comércios de Produtos Religiosos, Esotéricos e Místicos",Lojas de Artigos Religiosos
"Compra, Venda e Aluguel",Agências e Revendedores de Automóveis
"Compra, Venda e Aluguel",Agências e Revendedores de Caminhões
"Compra, Venda e Aluguel",Agências e Revendedores de Carros Elétricos
"Compra, Venda e Aluguel",Agências e Revendedores de Motos
"Compra, Venda e Aluguel",Aluguel de Carros
"Compra, Venda e Aluguel",Aluguel de Carros
"Compra, Venda e Aluguel",Concessionárias
"Compra, Venda e Aluguel",Fabricantes de Automóveis
"Compra, Venda e Aluguel",Locação e Venda de Bugues
"Compra, Venda e Locação",Assessoria Imobiliária
"Compra, Venda e Locação",Corretores de Imóveis
"Compra, Venda e Locação",Corretores de Seguros
"Compra, Venda e Locação",Corretores de Seguros
"Compra, Venda e Locação",Imobiliárias
Comunicação e Publicidade para Empresas,Comunicação Empresarial
Comunicação e Publicidade para Empresas,Empresas Promoções de Vendas e Eventos
Comunicação Visual e Impressa,Artigos e Equipamentos para Comunicação Visual
Comunicação Visual e Impressa,Comunicação Visual
Comunicação Visual e Impressa,Distribuidores de Panfletos
Comunicação Visual e Impressa,Editoras
Comunicação Visual e Impressa,Editoras de Listas e Catálogos
Comunicação Visual e Impressa,Editores e Representantes de Jornais
Comunicação Visual e Impressa,Publicações
Comunicação Visual e Impressa,Representantes de Materiais Editoriais e Gráficos
Consultoria e Treinamento,Assessoria em Licitações
Consultoria e Treinamento,Treinamento para Licitações
Consultoria Financeira,Consultores para Economia e Finanças
Consultorias para Empresas,Consultores Empresariais
Consultorias para Empresas,Consultores de Telecomunicações
Consultorias para Empresas,Consultores em Gestão de Qualidade
Consultorias para Empresas,Consultores em Informática
Consultorias para Empresas,Consultores em Segurança
Contabilidade e Assessoria Contábil,Assessoria Contábil
Contabilidade e Assessoria Contábil,Assessoria Fiscal e Tributária
Contabilidade e Assessoria Contábil,Contadores e Escritórios de Contabilidade
Contabilidade e Assessoria Contábil,Processos e Sistemas de Contabilidade
Cooperativas Diversas,Cooperativas
Cooperativas Diversas,Cooperativas de Consumo
Cooperativas Diversas,Cooperativas de Trabalho
Criação de Animais,Apicultura em Geral
Criação de Animais,Avicultura
Criação de Animais,Compra e Venda de Gado
Criação de Animais,"Compra, Venda e Doação de Animais de Estimação"
Criação de Animais,Piscicultura e Alevinos
"Cursos, Treinamentos e Escolas Especializadas",Aulas Particulares
"Cursos, Treinamentos e Escolas Especializadas",Cursos Jurídicos
"Cursos, Treinamentos e Escolas Especializadas",Cursos Médicos
"Cursos, Treinamentos e Escolas Especializadas",Cursos Preparatórios
"Cursos, Treinamentos e Escolas Especializadas",Cursos Preparatórios para Concursos
"Cursos, Treinamentos e Escolas Especializadas",Cursos Pré-Vestibulares
"Cursos, Treinamentos e Escolas Especializadas",Cursos Supletivos
"Cursos, Treinamentos e Escolas Especializadas",Cursos de Comunicação e Artes
"Cursos, Treinamentos e Escolas Especializadas",Cursos de Culinária e Gastronomia
"Cursos, Treinamentos e Escolas Especializadas",Cursos de Matemática
"Cursos, Treinamentos e Escolas Especializadas",Cursos de Português e Redação
"Cursos, Treinamentos e Escolas Especializadas",Cursos de Recrutamento e Seleção
"Cursos, Treinamentos e Escolas Especializadas",Escolas Técnicas e Profissionalizantes
"Cursos, Treinamentos e Escolas Especializadas",Escolas de Cabeleireiros
"Cursos, Treinamentos e Escolas Especializadas",Escolas de Contabilidade
"Cursos, Treinamentos e Escolas Especializadas",Escolas de Enfermagem
"Cursos, Treinamentos e Escolas Especializadas",Escolas de Idiomas
"Cursos, Treinamentos e Escolas Especializadas",Escolas de Informática
"Cursos, Treinamentos e Escolas Especializadas",Escolas e Cursos
Dentistas e Especialistas,Dentistas
Dentistas e Especialistas,Dentistas Restauradores
Dentistas e Especialistas,Endodontistas
Dentistas e Especialistas,Implantodontistas
Dentistas e Especialistas,Odontopediatras
Dentistas e Especialistas,Ortodontistas e Ortopedistas Faciais
Dentistas e Especialistas,Periodontistas
Dentistas e Especialistas,Prótese Dentária
Dentistas e Especialistas,Radiologistas Odontológicos
Dentistas e Especialistas,Traumatologistas Bucomaxilofaciais
Desentupimento e Detecção de Vazamentos,Desentupidoras
Desentupimento e Detecção de Vazamentos,Desentupidoras
Desentupimento e Detecção de Vazamentos,Detecção de Vazamentos
Despachantes,Despachantes Aduaneiros
Distribuidores de Alimentos e Bebidas,Atacado de Frutas
Distribuidores de Alimentos e Bebidas,Atacado de Produtos Alimentícios
Distribuidores de Alimentos e Bebidas,Centrais de Abastecimento
Distribuidores de Alimentos e Bebidas,Comércio e Distribuição de Polpa de Frutas
Distribuidores de Alimentos e Bebidas,Distribuidoras de Doces
Distribuidores de Alimentos e Bebidas,Distribuidores de Bebidas
Distribuidores de Alimentos e Bebidas,Distribuidores de Gelo
Distribuidores de Alimentos e Bebidas,Distribuidores de Sorvetes
Distribuidores de Alimentos e Bebidas,Distribuidores de Água
Distribuidores de Alimentos e Bebidas,Distribuidores de Água
Distribuidores de Alimentos e Bebidas,Fornecedores de Café
Diversão,Acampamentos
Diversão,Bilhar e Sinuca
Diversão,Boliche
Diversão,Cinemas
Diversão,Clubes Recreativos
Diversão,Clubes de Camping
Diversão,Diversões Eletrônicas
Diversão,"Lan Houses, Cyber Cafés e Centros de Inclusão Digital"
Diversão,Locadoras de Filmes e Jogos
Diversão,Paintball
Diversão,Parques Aquáticos
Diversão,Parques de Diversão
Diversão,Praias e Balneários
Doces e Sobremesas,Confeitarias e Docerias
Doces e Sobremesas,Docerias
Doces e Sobremesas,Lojas de Chocolate
Doces e Sobremesas,Sorveterias
Eliminação de Resíduos,Tratamento de Esgoto
Eliminação de Resíduos,Tratamento e Remoção de Resíduos Industriais
Empreendimentos,Condomínios
Empreendimentos,Empreendimentos
Empreendimentos,Empreendimentos Imobiliários
Engenheiros Especializados,Engenharia Ambiental
Engenheiros Especializados,Engenharia Estrutural
Engenheiros Especializados,Engenheiros Agrônomos
Engenheiros Especializados,Engenheiros Arquitetos
Engenheiros Especializados,Engenheiros Civis
Engenheiros Especializados,Engenheiros Eletricistas
Engenheiros Especializados,Engenheiros Químicos
Engenheiros Especializados,Perícia em Engenharia
Equipamentos de Eletricidade e Energia,Cabos Elétricos
Equipamentos de Eletricidade e Energia,Ferramentas Elétricas e Manuais
Equipamentos de Eletricidade e Energia,Materiais de Eletricidade em Geral
Equipamentos e Artigos para Casa e Escritório,Acessórios para Cozinha
Equipamentos e Artigos para Casa e Escritório,Comércio de Produtos para Empresas
Equipamentos e Artigos para Casa e Escritório,Copiadoras
Equipamentos e Artigos para Casa e Escritório,Decoradores
Equipamentos e Artigos para Casa e Escritório,Equipamentos de Limpeza
Equipamentos e Artigos para Casa e Escritório,Equipamentos para Comércio
Equipamentos e Artigos para Casa e Escritório,Equipamentos para Cópias Xerográficas e Heliográficas
Equipamentos e Artigos para Casa e Escritório,Fabricação e Venda de Carimbos
Equipamentos e Artigos para Casa e Escritório,Fabricação e Venda de Carimbos
Equipamentos e Artigos para Casa e Escritório,Filtros e Purificadores de Água
Equipamentos e Artigos para Casa e Escritório,Lojas de Produtos de Limpeza
Equipamentos e Artigos para Casa e Escritório,Máquinas de Escrever
Equipamentos e Artigos para Casa e Escritório,Utensílios e Utilidades Domésticas
Equipamentos e Materiais Didáticos,Comércio de Materiais Didáticos e Pedagógicos
Equipamentos e Materiais Didáticos,Distribuidores de Livros
Equipamentos e Materiais Didáticos,Materiais Artísticos
Equipamentos e Materiais Didáticos,Papelarias
Equipamentos Médicos,Aluguel e Conserto de Equipamentos Hospitalares
Equipamentos Médicos,Aparelhos Auditivos
Equipamentos Médicos,Aparelhos de Massagem
Equipamentos Médicos,Assistência Técnica para Equipamentos e Produtos Hospitalares
Equipamentos Médicos,Equipamentos e Artigos Cirúrgicos
Equipamentos Médicos,Fabricantes de Aparelhos Ortopédicos
Equipamentos Médicos,Lojas de Artigos e Equipamentos Hospitalares
Equipamentos Médicos,Lojas de Produtos Ortopédicos
Equipamentos Médicos,Materiais e Equipamentos Odontológicos
Equipamentos Médicos,Protéticos e Próteses Dentárias
Equipamentos para Construção e Reformas,Aluguel de Caçambas
Equipamentos para Construção e Reformas,Artigos e Equipamentos para Engenharia Civil
Equipamentos para Construção e Reformas,Artigos e Equipamentos para Fabricação de Cerâmica
Equipamentos para Construção e Reformas,Balancins
Equipamentos para Construção e Reformas,Britadores
Equipamentos para Construção e Reformas,Carrinhos de Mão
Equipamentos para Construção e Reformas,Comércio e Aluguel de Andaimes e Plataformas Aéreas
Equipamentos para Construção e Reformas,Comércio e Aluguel de Geradores de Energia
Equipamentos para Construção e Reformas,Elevadores de Obras
Equipamentos para Construção e Reformas,Equipamentos para Pavimentação
Equipamentos para Construção e Reformas,Galpões Metálicos
Equipamentos para Transporte,Equipamentos para Navegação
Equipamentos para Transporte,Estrados
Equipamentos para Transporte,Implementos Rodoviários
"Equipamentos, Peças e Acessórios",Alarmes Automotivos
"Equipamentos, Peças e Acessórios",Autopeças e Acessórios
"Equipamentos, Peças e Acessórios",Autopeças e Acessórios
"Equipamentos, Peças e Acessórios",Autopeças para Caminhões
"Equipamentos, Peças e Acessórios",Baterias Automotivas
"Equipamentos, Peças e Acessórios",Carretas e Reboques
"Equipamentos, Peças e Acessórios",Comércio de Autopeças Importadas
"Equipamentos, Peças e Acessórios",Comércio de Som Automotivo
"Equipamentos, Peças e Acessórios",Comércio e Instalação de Som Automotivo
"Equipamentos, Peças e Acessórios","Escapamentos, Silenciadores e Catalisadores"
"Equipamentos, Peças e Acessórios",Instalação de Película de Proteção Solar
"Equipamentos, Peças e Acessórios",Instalação de Película de Proteção Solar
"Equipamentos, Peças e Acessórios",Instalação de Som Automotivo
"Equipamentos, Peças e Acessórios",Peças e Acessórios para Motos
"Equipamentos, Peças e Acessórios",Placas para Veículos
"Equipamentos, Peças e Acessórios","Rastreadores para Carros, Motos e Caminhões"
"Equipamentos, Peças e Acessórios","Rodas, Aros e Calotas"
"Equipamentos, Peças e Acessórios",Sinalizadores para Veículos
"Equipamentos, Peças e Acessórios",Tacógrafos e Taxímetros
"Equipamentos, Peças e Acessórios",Tacógrafos e Taxímetros
"Equipamentos, Peças e Acessórios",Tintas Automotivas
Escolas de Artes,Cursos de Fotografia
Escolas de Artes,Cursos de Pintura
Escolas de Artes,Escolas de Artes
Escolas de Artes,Escolas de Ballet
Escolas de Artes,Escolas de Dança
Escolas de Artes,Escolas de Música
Escolas de Artes,Escolas e Cursos de Artes
Escolas e Colegios,Berçários e Creches
Escolas e Colegios,Colégios
Escolas e Colegios,Ensino a Distância
Escolas e Colegios,Escolas
Escolas e Colegios,Escolas Públicas
Escolas e Colegios,Escolas de Educação Infantil
Escolas e Colegios,Faculdades e Universidades
Escritórios de Advocacia e Advogados,Advogados de Causas Bancárias
Escritórios de Advocacia e Advogados,Advogados de Causas Comerciais
Escritórios de Advocacia e Advogados,Advogados de Causas Cíveis
Escritórios de Advocacia e Advogados,Advogados de Causas Fiscais e Tributárias
Escritórios de Advocacia e Advogados,Advogados de Causas Imobiliárias
Escritórios de Advocacia e Advogados,Advogados de Causas Médicas
Escritórios de Advocacia e Advogados,Advogados de Causas Previdenciárias
Escritórios de Advocacia e Advogados,Advogados de Causas Trabalhistas
Escritórios de Advocacia e Advogados,Advogados de Causas de Defesas do Meio Ambiente
Escritórios de Advocacia e Advogados,Defesa do Consumidor
Escritórios de Advocacia e Advogados,Escritórios de Advocacia
Escritórios de Advocacia e Advogados,Escritórios de Advocacia
Escritórios Especiais e Representações,Escritórios Virtuais
Escritórios Especiais e Representações,Pesquisas de Mercado
Escritórios Especiais e Representações,Representações
Fabricantes e Produtores de Alimentos e Bebidas,Atacado e Fabricantes de Bebidas
Fabricantes e Produtores de Alimentos e Bebidas,Atacado e Fabricação de Salgadinhos
Fabricantes e Produtores de Alimentos e Bebidas,Fabricantes de Farinha
Fabricantes e Produtores de Alimentos e Bebidas,Fabricação de Bebidas
Fabricantes e Produtores de Alimentos e Bebidas,Fabricação e Importação de Alimentos
"Financiamentos, Investimentos e Empréstimos",Administradoras de Cartões de Crédito
"Financiamentos, Investimentos e Empréstimos",Bancos
"Financiamentos, Investimentos e Empréstimos","Bolsa de Valores, Mercadorias e Futuros"
"Financiamentos, Investimentos e Empréstimos",Capitalização
"Financiamentos, Investimentos e Empréstimos",Casas Lotéricas
"Financiamentos, Investimentos e Empréstimos",Cooperativas de Crédito
"Financiamentos, Investimentos e Empréstimos",Corretoras do Mercado de Ações
"Financiamentos, Investimentos e Empréstimos",Crédito para Empresas
"Financiamentos, Investimentos e Empréstimos",Factoring e Fomento Mercantil
"Financiamentos, Investimentos e Empréstimos",Financeiras
"Financiamentos, Investimentos e Empréstimos","Investimentos, Empréstimos e Financiamentos"
"Flores, Presentes e Datas Especiais",Cestas de Café da Manhã
"Flores, Presentes e Datas Especiais",Cestas de Natal
"Flores, Presentes e Datas Especiais",Floriculturas
"Flores, Presentes e Datas Especiais",Presentes
"Flores, Presentes e Datas Especiais",Tabacarias
"Flores, Presentes e Datas Especiais",Telemensagens
Funerárias e Túmulos,Funerárias e Velórios
Grãos e Sementes,Armazenamento e Estocagem
Grãos e Sementes,Beneficiamento e Distribuição de Milho
Hidráulica para Construções e Reformas,Mangueira de Incêndio
Hidráulica para Construções e Reformas,Materiais Hidráulicos
Hidráulica para Construções e Reformas,Tubulações
Hospedagem,Albergues
Hospedagem,Apart Hotéis
Hospedagem,Flats
Hospedagem,Hospedarias
Hospedagem,Hotéis
Hospedagem,Pensões e Pensionatos
Hospedagem,Pousadas
Hospedagem,Resorts
Hospitais e Laboratórios,Ambulatórios
Hospitais e Laboratórios,Ambulâncias e Uti Móvel
Hospitais e Laboratórios,Eletroneuromiografistas
Hospitais e Laboratórios,Hospitais
Hospitais e Laboratórios,Laboratórios de Anatomia Patológica e Citologia
Hospitais e Laboratórios,Laboratórios de Análise de DNA
Hospitais e Laboratórios,Laboratórios de Análises Clínicas
Hospitais e Laboratórios,Laboratórios de Análises Toxicológicas
Hospitais e Laboratórios,Maternidades
Hospitais e Laboratórios,Postos de Saúde
Hospitais e Laboratórios,Pronto Socorro
Iluminação para Casa e Escritório,Abajures e Luminárias
Iluminação para Casa e Escritório,Lustres
Incorporadoras e Construturas,Incorporadoras
Indústria de Borrachas,Borrachas em Geral
Indústria de Plásticos,Comércio de Artefatos de Plástico
Indústria de Plásticos,Comércio e Fabricação de Produtos em Acrílico
Indústria de Plásticos,Confecções de Plásticos
Indústria de Plásticos,Plástico Bolha
Informação e Utilidade Pública,Administração Pública
Informação e Utilidade Pública,Agências de Correios
Informação e Utilidade Pública,Assembleia Legislativa
Informação e Utilidade Pública,Cartórios Eleitorais
Informação e Utilidade Pública,Cartórios e Tabeliães
Informação e Utilidade Pública,Companhias de Eletricidade
Informação e Utilidade Pública,Consulados
Informação e Utilidade Pública,Corpo de Bombeiros
Informação e Utilidade Pública,Delegacias de Polícia
Informação e Utilidade Pública,Departamentos de Trânsito
Informação e Utilidade Pública,Empresas de Gás Natural
Informação e Utilidade Pública,Fóruns e Tribunais
Informação e Utilidade Pública,Vigilância Sanitária
Instalação e Manutenção Industrial,Aparelhos e Suprimentos para Laboratórios
Instalação e Manutenção Industrial,Assistência Técnica e Manutenção de Máquinas e Equipamentos Industriais
Instalação e Manutenção Industrial,Conserto de Motores em Geral
Instalação e Manutenção Industrial,Estruturas Metálicas e de Madeira
Instalação e Manutenção Industrial,Serviços para Eletrônica Industrial
Instalações Rurais,Construção e Manutenção de Poços Artesianos
Instalações Rurais,Construção e Manutenção de Poços Artesianos
Instalações Rurais,Construção e Manutenção de Poços Artesianos
Instituições Religiosas,Igrejas e Templos
Institutos,Câmaras de Comércio
Institutos,Institutos de Pesquisa
Institutos,Institutos e Fundações
Institutos de Beleza,Barbearias
Institutos de Beleza,Barbeiros
Institutos de Beleza,Clínicas e Centros de Estética
Institutos de Beleza,Depilação
Institutos de Beleza,Esteticistas
Institutos de Beleza,Salões de Beleza e Cabeleireiros
Institutos de Beleza,Spa
Institutos de Beleza,Tatuagens e Piercings
"Jardins, Piscinas e Áreas de Lazer",Artigos e Equipamentos para Piscinas
"Jardins, Piscinas e Áreas de Lazer",Artigos e Equipamentos para Piscinas
"Jardins, Piscinas e Áreas de Lazer",Produtos para Tratamento de Piscina
"Jardins, Piscinas e Áreas de Lazer",Serviços de Jardinagem e Paisagismo
"Jardins, Piscinas e Áreas de Lazer",Viveiros de Plantas
"Jornais, Revistas e Impressos",Anúncios Classificados de Jornais e Revista
"Jornais, Revistas e Impressos",Distribuidores de Revistas
"Jornais, Revistas e Impressos",Diário Oficial
"Jornais, Revistas e Impressos",Jornais e Revistas
Laboratórios Agropecuários,Laboratórios Veterinários
Lanches e Salgados,Cafeterias
Lanches e Salgados,Casas de Chá
Lanches e Salgados,Empadas
Lanches e Salgados,Lanchonetes
Lanches e Salgados,Padarias e Confeitarias
Lanches e Salgados,Pastelarias
"Laudos, Auditorias e Perícias",Auditores
"Laudos, Auditorias e Perícias",Perícia Trabalhista
"Laudos Técnicos, Inspeções e Organizacionais",Laudos Técnicos
Limpezas Diversas,Equipamentos e Máquinas para Fabricação de Produtos de Limpeza
Limpezas Diversas,Lavanderias
Limpezas Diversas,Lavanderias Hospitalares
Limpezas Diversas,Lavanderias Industriais
Limpezas Diversas,Limpeza Industrial
Limpezas Diversas,Limpeza de Caixas de Água
Limpezas Diversas,Limpeza de Esgotos
Limpezas Diversas,Limpeza de Fossas Sépticas e Sumidouros
Limpezas Diversas,Limpeza de Fossas Sépticas e Sumidouros
Limpezas Diversas,Limpeza de Piscinas
Lojas Especializadas e Distribuidores,Comércio e Instalação de Câmeras de Segurança
Madeiras e Derivados,Decks de Madeira
Madeiras e Derivados,Lojas de Artefatos de Madeira
Madeiras e Derivados,Representantes para Venda de Madeiras
Manutenção de Equipamentos e Máquinas para Empresas,Assistência Técnica para Refrigeração Industrial
Manutenção de Equipamentos e Máquinas para Empresas,Conserto e Restauração de Máquinas de Escrever
Manutenção de Equipamentos e Máquinas para Empresas,Manutenção Industrial
Manutenção de Equipamentos e Máquinas para Empresas,Manutenção de Elevadores
Manutenção de Equipamentos e Máquinas para Empresas,"Manutenção de Equipamentos para Bares, Restaurantes e Lanchonetes"
Manutenção de Equipamentos e Máquinas para Empresas,Manutenção para Tanques e Reservatórios para Combustíveis
Manutenção de Produtos e Materiais para Segurança,Cofres
Manutenção de Produtos e Materiais para Segurança,Portas Corta Fogo
Manutenção e Serviços para Casa e Escritório,"Conserto, Montagem, Reforma e Restauração de Móveis"
Manutenção e Serviços para Casa e Escritório,Limpeza de Tapetes e Carpetes
Manutenção e Serviços para Casa e Escritório,Manutenção de Estofados
Manutenção e Serviços para Casa e Escritório,Mesas e Cadeiras
Manutenção e Serviços para Casa e Escritório,Produtos de Limpeza e Conservação
Manutenção e Serviços para Casa e Escritório,Projetos para Banheiros
Manutenção e Serviços para Casa e Escritório,Reforma de Colchões
Manutenção e Serviços para Casa e Escritório,Serviços de Decoração em Geral
Manutenção e Serviços para Casa e Escritório,Serviços de Limpeza e Conservação
Máquinas e Equipamentos Residenciais e Comerciais,Atacado e Fabricação de Aparelhos Elétricos e Eletrônicos
Máquinas e Equipamentos Residenciais e Comerciais,Atacado e Fabricação de Materiais Elétricos
Máquinas e Equipamentos Residenciais e Comerciais,Ventilação e Exaustores
Máquinas e Produtos para Indústria Alimentícia,Artigos e Equipamentos para Açougues e Frigoríficos
Máquinas e Produtos para Indústria Alimentícia,Artigos e Equipamentos para Frigoríficos
Máquinas e Produtos para Indústria Alimentícia,"Artigos e Equipamentos para Restaurantes, Bares e Lanchonetes"
Máquinas e Produtos para Indústria Alimentícia,Artigos para Sorveterias
Máquinas e Produtos para Indústria Alimentícia,Câmaras Frigoríficas
Máquinas e Produtos para Indústria Alimentícia,Equipamentos e Máquinas para Padarias e Confeitarias
Máquinas e Produtos para Indústria Alimentícia,Equipamentos e Máquinas para Supermercados
Máquinas e Produtos para Indústria Alimentícia,Máquinas de Café
Máquinas e Produtos para Indústria Alimentícia,Refrigeração Comercial e Industrial
Máquinas e Produtos para Indústria Alimentícia,Refrigeração Comercial e Industrial
Máquinas e Produtos para Indústria Alimentícia,Suprimentos e Artigos para Padarias e Confeitarias
"Máquinas, Equipamentos e Artefatos Agrícolas",Comércio de Produtos de Fibra
"Máquinas, Equipamentos e Artefatos Agrícolas",Manutenção e Peças de Máquinas Agrícolas
"Máquinas, Equipamentos e Artefatos Agrícolas",Máquinas Agrícolas e Implementos
"Máquinas, Equipamentos e Artefatos Agrícolas",Máquinas para Fabricação de Açúcar e Álcool
"Máquinas, Equipamentos e Artefatos Agrícolas",Peças e Acessórios para Máquinas Agrícolas
"Máquinas, Equipamentos e Artefatos Agrícolas",Sistemas de Irrigação
"Máquinas, Equipamentos e Artefatos Agrícolas",Sistemas de Irrigação
Máquinas para Construção e Reformas,Aluguel de Gruas e Guindastes
Máquinas para Construção e Reformas,Comércio e Aluguel de Betoneiras
Máquinas para Construção e Reformas,Máquinas de Tratamento Térmico
Máquinas para Construção e Reformas,Peças e Acessórios para Máquinas de Terraplenagem
Máquinas para Construção e Reformas,Peças para Guindastes
Marketing,Assessoria de Imprensa
Marketing,Consultores de Marketing
Marketing,Consultores de Marketing para Internet
Marketing,Empresas de Telemarketing
Marketing,Empresas de Telemarketing
Marketing,Marketing Direto
"Materiais de Identificação, Sinalização e Controle de Acesso",Catracas
"Materiais de Identificação, Sinalização e Controle de Acesso",Controle de Ponto e Acesso
"Materiais de Identificação, Sinalização e Controle de Acesso",Crachás
"Materiais de Identificação, Sinalização e Controle de Acesso",Segurança no Trânsito
Mecânica e Metalurgia,Ferramentas Industriais
Mecânica e Metalurgia,Fundições
Mecânica e Metalurgia,Galvanização
Mecânica e Metalurgia,Galvanoplastia
Mecânica e Metalurgia,Lojas de Artigos Abrasivos e para Polimentos
Mecânica e Metalurgia,Lojas de Peças para Metal Mecânica em Geral
Mecânica e Metalurgia,Manutenção de Motores Elétricos
Mecânica e Metalurgia,Mecânica Industrial
Mecânica e Metalurgia,Metalurgia
Mecânica e Metalurgia,Montagens Industriais
Mecânica e Metalurgia,Representantes de Produtos Industriais
Mecânica e Metalurgia,Serviços de Solda
Mecânica e Metalurgia,Serviços para Elevadores
Mecânica e Metalurgia,Tornearia
Mecânica e Metalurgia,Tornearia de Precisão
Mecânica e Metalurgia,Usinagem de Peças
Médicos e Clínicas,Banco de Sangue
Médicos e Clínicas,Clínica de Ecografia
Médicos e Clínicas,Clínica de Obstetricia (Partos)
Médicos e Clínicas,Clínica de Psicologia Aplicada
Médicos e Clínicas,Clínica de Terapia Ocupacional
Médicos e Clínicas,Clínicas de Cirurgia Plástica
Médicos e Clínicas,Clínicas de Hematologia
Médicos e Clínicas,Fonoaudiólogos
Médicos e Clínicas,Radiologia Odontológica
Mercados e Supermercados,Casa de Frios e Laticínios
Mercados e Supermercados,Lojas de Conveniência
Mercados e Supermercados,Mercados Municipais
Mercados e Supermercados,Mercearias e Empórios
Mercados e Supermercados,Mercearias e Empórios
Mercados e Supermercados,Queijos e Frios
Mercados e Supermercados,Sacolões Hortifrutigrangeiros
Mercados e Supermercados,Supermercados
Mercados e Supermercados,Supermercados Atacadistas
Metais para Construção,Aço para Construção Civil
Metais para Construção,Esquadrias
Metais para Construção,Esquadrias
Metais para Construção,Ferro para Construção Civil
Metais para Construção,Metais Sanitários
Metais para Construção,Metais em Geral
Metais para Construção,Torneiras
Minerais e Minérios,Distribuição de Minerais e Minérios em Geral
Minerais e Minérios,Empresas de Mineração
Minerais e Minérios,Lojas de Equipamentos e Produtos para Mineração
Mobilidade Urbana,Aeroportos
Mobilidade Urbana,"Aluguel de Ônibus, Micro-ônibus e Vans"
Mobilidade Urbana,"Aluguel de Ônibus, Micro-ônibus e Vans"
Mobilidade Urbana,"Aluguel de Ônibus, Micro-ônibus e Vans"
Mobilidade Urbana,Empresas de Metrô
Mobilidade Urbana,Estações de Trens e Metrô
Mobilidade Urbana,Terminais Rodoviários
Noite,Boates e Night Clubs
Noite,Casas Noturnas
Noite,Motéis
Papéis e Derivados,Atacado e Fabricação de Papel
Papéis e Derivados,Atacados de Artigos para Papelarias
Papéis e Derivados,"Comércio de Papel Velho, Aparas e Resíduos"
Papéis e Derivados,Comércio de Papel e Papelão
Passeios,Excursões
Passeios,Lanchas e Barcos
Passeios,Marinas
Passeios,Parques e Praças
Petróleo e Derivados,Distribuidores de Combustíveis
Petróleo e Derivados,Equipamentos para Indústrias Petroquímicas
Petróleo e Derivados,Produtos Petroquímicos
Petróleo e Derivados,Querosene
Poderes Executivos,Administração de Rodovias
Poderes Executivos,Ministérios
Poderes Executivos,Partidos Politicos
Poderes Executivos,Prefeituras
Poderes Executivos,Procuradorias
Poderes Executivos,Secretarias Públicas
Poderes Executivos,Serviços Sociais
Poderes Judiciários,Poder Judiciário
Pontos Turisticos,Monumentos
Pontos Turisticos,Pontos Turísticos
Práticas Esportivas,Academias
Práticas Esportivas,Academias de Ginástica
Práticas Esportivas,Artes Marciais
Práticas Esportivas,Clubes e Estádios
Práticas Esportivas,Escolas de Natação
Práticas Esportivas,Escolas de Surf e Windsurf
Práticas Esportivas,Ginásios e Centros de Esportes
Práticas Esportivas,Representantes de Artigos Esportivos
Práticas Esportivas,Yoga
"Presentes, Brindes e Produtos para Divulgação",Balões Promocionais
"Presentes, Brindes e Produtos para Divulgação",Brindes
"Presentes, Brindes e Produtos para Divulgação",Camisetas Personalizadas
"Presentes, Brindes e Produtos para Divulgação","Etiquetas, Adesivos e Rótulos"
"Presentes, Brindes e Produtos para Divulgação",Faixas Comemorativas e Promocionais
"Presentes, Brindes e Produtos para Divulgação",Serviços de Personalização
Produtos e Equipamentos para Informática,Aluguel de Datashow e Telões
Produtos e Equipamentos para Informática,Comércio de Cartuchos e Toner para Impressoras
Produtos e Equipamentos para Informática,Comércio de Produtos de Informática
Produtos e Equipamentos para Informática,Equipamentos e Acessórios de Informática
Produtos e Equipamentos para Informática,Fabricação de Equipamentos para Informática
Produtos e Equipamentos para Informática,Impressão Eletrônica e Digital
Produtos e Equipamentos para Informática,Lojas de Informática
Produtos e Equipamentos para Informática,Recarga de Cartuchos e Toner para Impressoras
Produtos e Produções Artísticas,Afinação e Conserto de Pianos
Produtos e Produções Artísticas,Artes Plásticas
Produtos e Produções Artísticas,Artigos e Equipamentos para Fotografia
Produtos e Produções Artísticas,Artistas Plásticos
Produtos e Produções Artísticas,Designer Gráfico
Produtos e Produções Artísticas,Empresários Artísticos
Produtos e Produções Artísticas,Fotógrafos
Produtos e Produções Artísticas,Gravadoras
Produtos e Serviços para Cozinhas,Decoração e Instalação de Cozinhas
Produtos e Serviços para Cozinhas,Fabricação e Equipamentos para Cozinha
Produtos Farmacêuticos e Cosméticos,Distribuidores de Medicamentos
Produtos Farmacêuticos e Cosméticos,Distribuidores de Produtos Médicos e Hospitalares
Produtos Farmacêuticos e Cosméticos,Farmácias Homeopáticas
Produtos Farmacêuticos e Cosméticos,Farmácias de Manipulação
Produtos Farmacêuticos e Cosméticos,Farmácias e Drogarias
Produtos Farmacêuticos e Cosméticos,Laboratórios de Manipulação de Medicamentos e Cosméticos
Produtos Farmacêuticos e Cosméticos,Lojas de Cosméticos e Perfumarias
Produtos Farmacêuticos e Cosméticos,Nutrição Enteral e Parenteral
Produtos para Animais,Hotéis para Animais
Produtos para Animais,Produtos Veterinários
Produtos para Bebês e Crianças,Comércio de Brinquedos
Produtos para Bebês e Crianças,Comércio de Equipamentos para Parques Infantis
Produtos para Bebês e Crianças,Conserto de Bonecas
Produtos para Indústria Têxtil,Atacado e Fabricação de Armarinhos e Aviamentos
Produtos para Indústria Têxtil,Atacado e Fabricação de Bijuterias
Produtos para Indústria Têxtil,Atacado e Fabricação de Bolsas
Produtos para Indústria Têxtil,Atacado e Fabricação de Botões
Produtos para Indústria Têxtil,Atacado e Fabricação de Calçados
Produtos para Indústria Têxtil,Atacado e Fabricação de Confecções Infantis
Produtos para Indústria Têxtil,Atacado e Fabricação de Confecções Unissex
Produtos para Indústria Têxtil,"Atacado e Fabricação de Confecções para Cama, Mesa e Banho"
Produtos para Indústria Têxtil,Atacado e Fabricação de Joias
Produtos para Indústria Têxtil,Atacado e Fabricação de Lingerie
Produtos para Indústria Têxtil,Atacado e Fabricação de Malhas
Produtos para Indústria Têxtil,Atacado e Fabricação de Roupas Unissex
Produtos para Indústria Têxtil,Atacado e Fabricação de Tecidos
Produtos para Indústria Têxtil,Representantes de Produtos Têxteis
Produtos Químicos e Inflamáveis,Atacado e Fabricação de Produtos Químicos
Produtos Químicos e Inflamáveis,Atacado e Fabricação de Tintas
Produtos Químicos e Inflamáveis,Atacado e Fabricação de Tintas
Produtos Químicos e Inflamáveis,Comércio e Distribuição de Carvão Ativado
Produtos Químicos e Inflamáveis,Comércio e Distribuição de Gases em Geral
Produtos Químicos e Inflamáveis,Comércio e Distribuição de Oxigênio
Produtos Químicos e Inflamáveis,Comércio e Distribuição de Tintas Industriais
Produtos Químicos e Inflamáveis,Comércio e Distribuição de Óleos e Lubrificantes Industriais
Produtos Químicos e Inflamáveis,Equipamentos para Fabricação de Produtos Químicos
Produtos Químicos e Inflamáveis,Representante de Produtos Químicos
Produtos Químicos e Inflamáveis,Usinas de Álcool e Açúcar
Profissionais da Saúde,Assistência Domiciliar - Home Care
Profissionais da Saúde,Podólogos
Profissionais da Saúde,Serviços de Enfermagem
Profissionais da Saúde,Terapias Alternativas
Profissionais Diversos,Assessoria de Comunicação
Profissionais Diversos,Atacado e Fabricação de Instrumentos Musicais
Profissionais Diversos,Chaveiros
Profissionais Diversos,Consultores Hospitalares
Profissionais Diversos,Consultores em Hotelaria e Turismo
Profissionais Diversos,Consultores em Organizações Não Governamentais
Profissionais Diversos,Consultores em Saúde e Qualidade de Vida
Profissionais Diversos,Costureiras
Profissionais Diversos,Dedetizadoras e Controle de Pragas
Profissionais Diversos,Dedetizadoras e Controle de Pragas
Profissionais Diversos,Despachante
Profissionais Diversos,Detetives Particulares
Profissionais Diversos,Editores de Músicas
Profissionais Diversos,"Editores, Redatores e Revisores"
Profissionais Diversos,Empregadas Domésticas
Profissionais Diversos,Estatísticos
Profissionais Diversos,Estúdios de Som
Profissionais Diversos,Ferreiros
Profissionais Diversos,Geólogos
Profissionais Diversos,Leiloeiros
Profissionais Diversos,Mensageiros
Profissionais Diversos,Produtoras de Filmes e Reportagens
Profissionais Diversos,Serrarias
Profissionais Diversos,Tradutores
Profissionais Diversos,Videolocadoras
Profissionais Domésticos,Agências de Empregos Domésticos
Profissionais Domésticos,Governadoria
Profissionais Especializados para Construção e Reformas,Arquitetos
Profissionais Especializados para Construção e Reformas,Eletricistas
Profissionais Especializados para Construção e Reformas,Eletrotécnicos
Profissionais Especializados para Construção e Reformas,Empreiteiras
Profissionais Especializados para Construção e Reformas,Encanadores
Profissionais Especializados para Construção e Reformas,Pedreiros
Profissionais Especializados para Construção e Reformas,Pintores
Profissionais Especializados para Construção e Reformas,Representantes de Materiais de Construção
Profissionais Especializados para Construção e Reformas,Técnicos de Edificações
"Projetos, Consultorias e Empresas de Engenharia",Consultoria em Engenharia
"Projetos, Consultorias e Empresas de Engenharia",Empresas de Engenharia
"Projetos, Consultorias e Empresas de Engenharia",Empresas de Engenharia
"Projetos, Consultorias e Empresas de Engenharia",Projetos de Engenharia
"Projetos, Consultorias e Empresas de Engenharia",Projetos de Instalações Elétricas
"Projetos, Consultorias e Empresas de Engenharia","Projetos, Consultorias e Empresas de Engenharia"
Projetos e Execução,Escritórios de Projetos e Execução
Projetos e Soluções de Segurança,Hidrantes e Extintores de Incêndio
Projetos e Soluções de Segurança,Hidrantes e Extintores de Incêndio
Projetos e Soluções de Segurança,Monitoramento e Segurança Eletrônica
Projetos e Soluções de Segurança,Rastreamento de Cargas e Veículos
Projetos e Soluções de Segurança,Sistemas de Sinalização
Projetos e Soluções de Segurança,Sistemas de Sinalização
Projetos e Soluções de Segurança,Treinamento e Cursos para Brigada de Incêndios
Radio e Televisão,Emissoras de Rádio
Radio e Televisão,Emissoras e Representantes de Televisão
Radio e Televisão,Jornalistas
Restaurantes,Casas de Massas
Restaurantes,Churrascarias
Restaurantes,Comida Típica Brasileira
Restaurantes,Comida Típica Brasileira
Restaurantes,Creperia
Restaurantes,Galeterias
Restaurantes,Marmitas e Marmitex
Restaurantes,Pizzarias
Restaurantes,Restaurante
Restaurantes,Restaurante Chinês
Restaurantes,Restaurante Japonês
Restaurantes,Restaurante Mineiro
Restaurantes,Restaurante Nordestino
Restaurantes,Restaurante Vegetariano
Saneamento de Água,Saneamento Básico
Saunas e Massagens,Saunas
Saunas e Massagens,Sex Shop
"Seguros, Consórcios e Previdências",Administradoras de Consórcios
"Seguros, Consórcios e Previdências",Seguradoras
"Seguros, Consórcios e Previdências",Seguros Veiculares
Serviços Ambientais,Empresas de Ecologia
Serviços Ambientais,Empresas de Reflorestamento
Serviços Ambientais,Energia Eólica
Serviços Ambientais,Energia Solar
Serviços Ambientais,Estudos Sobre o Meio Ambiente
Serviços Ambientais,Reciclagem em Geral
Serviços de Segurança Especializados,EPI - Equipamentos de Proteção Individual
Serviços de Segurança Especializados,Empresas de Segurança
Serviços de Segurança Especializados,Instalação e Manutenção de Relógios de Ponto
Serviços de Segurança Especializados,Instalação e Manutenção de Relógios de Ponto
Serviços de Segurança Especializados,Redes de Proteção
Serviços de Segurança Especializados,Segurança Patrimonial
Serviços de Segurança Especializados,Segurança do Trabalho
Serviços de Segurança Especializados,Serviços de Portaria
Serviços de Segurança Especializados,Treinamento para Seguranças
Serviços de Transporte e Logística,Agenciamento e Desembaraço
Serviços de Transporte e Logística,Agências de Serviços Portuários
Serviços de Transporte e Logística,Aluguel e Manutenção de Contêineres
Serviços de Transporte e Logística,Cargas e Descargas
Serviços de Transporte e Logística,Coletas e Entregas
Serviços de Transporte e Logística,Corretores de Navios
Serviços de Transporte e Logística,Empresas de Logistica
Serviços de Transporte e Logística,Empresas de Logistica
Serviços de Transporte e Logística,Entrega Rápida
Serviços de Transporte e Logística,Equipamentos para Construção Naval
Serviços de Transporte e Logística,"Fretes, Cargas e Encomendas"
Serviços de Transporte e Logística,Guarda Móveis
Serviços de Transporte e Logística,Mudanças
Serviços de Transporte e Logística,Serviços de Distribuição
Serviços de Transporte e Logística,Táxi Aéreo
Serviços de Turismo,Agências de Turismo e Viagens
Serviços de Turismo,Agências de Turismo e Viagens
Serviços de Turismo,Companhias Aéreas
Serviços de Turismo,Guia Turístico
Serviços de Turismo,"Passagens Aéreas, Marítimas e Terrestres"
Serviços de Turismo,Transporte Turístico
Serviços de Turismo,Turismo de Aventura
Serviços Diversos,Agência de Empregos
Serviços Diversos,"Ampliações, Cópias e Revelações de Fotos"
Serviços Diversos,"Ampliações, Cópias e Revelações de Fotos"
Serviços Diversos,Bicicletarias
Serviços Diversos,Bicicletarias
Serviços Diversos,Cartografia
Serviços Diversos,Conserto de Caçambas
Serviços Diversos,Construção Naval
Serviços Diversos,Fabricantes de Bancas de Jornais e Revistas
Serviços Diversos,"Fabricação e Reprodução de Cds, Dvds e Blu-Ray"
Serviços Diversos,Gps
Serviços Diversos,Manutenção Preventiva e Corretiva
Serviços Diversos,Microfilmagem
Serviços Diversos,Normas Técnicas
Serviços Diversos,Pesquisas Tecnológicas na Área de Ciências
Serviços Diversos,Repórteres
Serviços e Manutenção Veicular,Adaptação de Veículos para Deficientes Físicos
Serviços e Manutenção Veicular,Ar-Condicionado Automotivo
Serviços e Manutenção Veicular,Ar-Condicionado Automotivo
Serviços e Manutenção Veicular,Auto Elétricos
Serviços e Manutenção Veicular,Auto Vidros
Serviços e Manutenção Veicular,Borracharias
Serviços e Manutenção Veicular,Centros Automotivos
Serviços e Manutenção Veicular,Centros Automotivos
Serviços e Manutenção Veicular,Conversão para Gás Natural Veicular - Gnv
Serviços e Manutenção Veicular,Direção Hidráulica
Serviços e Manutenção Veicular,Embreagens
Serviços e Manutenção Veicular,Estacionamentos
Serviços e Manutenção Veicular,Estofamento Automotivo
Serviços e Manutenção Veicular,Funilaria e Pintura
Serviços e Manutenção Veicular,Lava Rápido
Serviços e Manutenção Veicular,Manutenção de Injeção Eletrônica
Serviços e Manutenção Veicular,Oficinas Mecânicas
Serviços e Manutenção Veicular,Oficinas Mecânicas para Caminhões
Serviços e Manutenção Veicular,Oficinas Mecânicas para Motos
Serviços e Manutenção Veicular,Pneus Novos e Recauchutados
Serviços e Manutenção Veicular,Postos de Combustíveis
Serviços e Manutenção Veicular,Retífica de Motores
Serviços e Manutenção Veicular,Segurança Automotiva
Serviços e Manutenção Veicular,Venda e Manutenção de Radiadores
Serviços e Manutenção Veicular,Venda e Reforma de Carrocerias
Serviços e Manutenção Veicular,Vistorias para Seguros e Perícia Automotiva
Serviços e Manutenção Veicular,Óleo e Lubrificantes Automotivos
Serviços e Processos,Fabricantes e Distribuidores de Alimentos
Serviços e Processos,Representantes de Produtos Alimentícios
Serviços e Soluções para Informática,Assistência Técnica para Informática
Serviços e Soluções para Informática,Automação Comercial
Serviços e Soluções para Informática,Automação Industrial
Serviços e Soluções para Informática,Computação Gráfica
Serviços e Soluções para Informática,Desenvolvimento de Softwares e Aplicativos
Serviços e Soluções para Informática,Digitalização de Documentos
Serviços e Soluções para Informática,Digitação e Serviços
Serviços e Soluções para Informática,Empresas de Informática
Serviços e Soluções para Informática,Empresas de Processamento de Dados
Serviços e Soluções para Informática,Redes de Computadores
Serviços e Soluções para Informática,Suporte Técnico para Informática
Serviços em Rh,Consultores em Recursos Humanos
Serviços em Rh,Mão de Obra Especializada
Serviços em Rh,Mão de Obra Temporária
Serviços em Rh,Mão de Obra Terceirizada
Serviços em Rh,Serviços de Alimentação
Serviços em Rh,Serviços de Recursos Humanos
Serviços Especializados,Assessoria para Estudantes de Concursos Públicos
Serviços Especializados,Centrais de Estágios
Serviços Especializados,Centros para Treinamento
Serviços Especializados,Intercâmbio Cultural
Serviços Especializados,Profissionais em Planejamento Educacional
Serviços Especializados,Psicopedagogos
Serviços Especializados para Construção e Reformas,Aluguel de Equipamentos para Construção
Serviços Especializados para Construção e Reformas,Calhas e Rufos
Serviços Especializados para Construção e Reformas,Carpintarias
Serviços Especializados para Construção e Reformas,"Coifas, Chaminés e Lareiras"
Serviços Especializados para Construção e Reformas,Coletas de Entulho
Serviços Especializados para Construção e Reformas,Construção Civil
Serviços Especializados para Construção e Reformas,Construção Industrial
Serviços Especializados para Construção e Reformas,Construção de Quadras Esportivas
Serviços Especializados para Construção e Reformas,Construção de Quiosques
Serviços Especializados para Construção e Reformas,Construções de Pontes
Serviços Especializados para Construção e Reformas,Consultoria para Projetos Estruturais
Serviços Especializados para Construção e Reformas,Controle Tecnológico de Concreto
Serviços Especializados para Construção e Reformas,Corte e Furo de Concreto
Serviços Especializados para Construção e Reformas,Demolições
Serviços Especializados para Construção e Reformas,Drenagem
Serviços Especializados para Construção e Reformas,Drones e Fotografias Aéreas
Serviços Especializados para Construção e Reformas,Engenharia e Empreendimentos
Serviços Especializados para Construção e Reformas,Fundações para Construções
Serviços Especializados para Construção e Reformas,Gerenciamento de Obras
Serviços Especializados para Construção e Reformas,Iluminação Decorativa
Serviços Especializados para Construção e Reformas,Impermeabilizações e Isolamentos
Serviços Especializados para Construção e Reformas,Instalação e Manutenção Elétrica
Serviços Especializados para Construção e Reformas,Instalação e Manutenção Hidráulica
Serviços Especializados para Construção e Reformas,Instalações Industriais
Serviços Especializados para Construção e Reformas,Instalações de Gás
Serviços Especializados para Construção e Reformas,Isolação Térmica
Serviços Especializados para Construção e Reformas,Jateamento e Hidrojateamento
Serviços Especializados para Construção e Reformas,Limpeza Pós Obras
Serviços Especializados para Construção e Reformas,Limpeza de Terrenos
Serviços Especializados para Construção e Reformas,Manutenção Predial em Geral
Serviços Especializados para Construção e Reformas,Marcenarias
Serviços Especializados para Construção e Reformas,Pavimentação
Serviços Especializados para Construção e Reformas,Perfurações
Serviços Especializados para Construção e Reformas,Plantas e Projetos
Serviços Especializados para Construção e Reformas,Projetos Elétricos e Hidráulicos
Serviços Especializados para Construção e Reformas,Projetos Industriais
Serviços Especializados para Construção e Reformas,Projetos de Iluminação
Serviços Especializados para Construção e Reformas,Reformas e Construção de Lareiras e Churrasqueiras
Serviços Especializados para Construção e Reformas,Reformas em Geral
Serviços Especializados para Construção e Reformas,Reparos e Manutenção Residencial
Serviços Especializados para Construção e Reformas,Retroescavadeiras
Serviços Especializados para Construção e Reformas,Serralherias e Serralheiros
Serviços Especializados para Construção e Reformas,Sistemas e Manutenção de Aquecedor Solar
Serviços Especializados para Construção e Reformas,Sondagens
Serviços Especializados para Construção e Reformas,Telas e Alambrados
Serviços Especializados para Construção e Reformas,Telas e Alambrados
Serviços Especializados para Construção e Reformas,Terraplenagem
Serviços Especializados para Construção e Reformas,Topografia e Agrimensura
Serviços Especializados para Construção e Reformas,Tratamento Térmico
Serviços Especializados para Construção e Reformas,Vidraçarias
Serviços Especializados para Construção e Reformas,Vidraçarias
Serviços para a Indústria de Minerais e Minérios,Laboratórios de Análises Minerais e Metálicas
Serviços para a Indústria de Minerais e Minérios,Levantamento de Recursos Naturais
Serviços para a Indústria Gráfica,Bobinas de Papel
Serviços para a Indústria Gráfica,Fotolitos
Serviços para a Indústria Gráfica,Gráfica Rápida
Serviços para a Indústria Gráfica,Gráficas
Serviços para a Indústria Gráfica,Impressão Digital e Arte Final
Serviços para a Indústria Gráfica,Impressão Offset
Serviços para a Indústria Gráfica,Lojas de Artigos e Equipamentos para Gráficas
Serviços para a Indústria Gráfica,Lojas de Produtos para Divulgação
Serviços para a Indústria Gráfica,Plotagem
Serviços para a Indústria Metalúrgicas,Aluguel de Ferramentas
Serviços para a Indústria Metalúrgicas,Aluguel de Máquinas Pesadas
Serviços para a Indústria Metalúrgicas,Atacado e Distribuição de Correias
Serviços para a Indústria Metalúrgicas,Atacado e Distribuição de Válvulas
Serviços para a Indústria Metalúrgicas,Balanças Industriais
Serviços para a Indústria Metalúrgicas,Bombas e Compressores
Serviços para a Indústria Metalúrgicas,Caldeirarias
Serviços para a Indústria Metalúrgicas,Comércio de Artigos para Metal Mecânica
Serviços para a Indústria Metalúrgicas,Comércio de Bombas Hidráulicas
Serviços para a Indústria Metalúrgicas,Comércio de Chapas Metálicas
Serviços para a Indústria Metalúrgicas,Comércio de Equipamentos Industriais
Serviços para a Indústria Metalúrgicas,Comércio de Ferramentas
Serviços para a Indústria Metalúrgicas,Comércio de Ligas e Insumos de Metal
Serviços para a Indústria Metalúrgicas,Comércio de Moinhos Mecânicos
Serviços para a Indústria Metalúrgicas,Comércio de Motores a Diesel
Serviços para a Indústria Metalúrgicas,Comércio de Motores em Geral
Serviços para a Indústria Metalúrgicas,Comércio de Ímãs
Serviços para a Indústria Metalúrgicas,Comércio e Aluguel de Tornos
Serviços para a Indústria Metalúrgicas,Comércio e Assistência de Transformadores Elétricos
Serviços para a Indústria Metalúrgicas,Conserto de Balanças
Serviços para a Indústria Metalúrgicas,Conserto de Balanças
Serviços para a Indústria Metalúrgicas,Conserto de Bombas e Compressores
Serviços para a Indústria Metalúrgicas,Hidrômetros
Serviços para a Indústria Metalúrgicas,Instalações de Gases e Equipamentos
Serviços para a Indústria Metalúrgicas,Laminações
Serviços para a Indústria Metalúrgicas,Lojas de Equipamentos e Artigos para Elevadores
Serviços para a Indústria Metalúrgicas,Motores Elétricos
Serviços para a Indústria Metalúrgicas,Peças para Motores Diesel
Serviços para a Indústria Metalúrgicas,Representantes de Equipamentos e Máquinas Industriais
Serviços para a Indústria Metalúrgicas,Venda e Assistência Técnica de Equipamentos Hidráulicos
Serviços para a Indústria Textil,Assistência Técnica para Máquinas de Costura
Serviços para a Indústria Textil,Comércio de Peças e Acessórios para Relógios
Serviços para a Indústria Textil,Conserto de Joias
Serviços para a Indústria Textil,Conserto de Malas
Serviços para a Indústria Textil,Fiação e Tecelagem
Serviços para a Indústria Textil,Lojas de Enxoval
Serviços para a Indústria Textil,Manequins para Vitrinas
Serviços para a Indústria Textil,Máquinas de Costura
Serviços para a Indústria Textil,Máquinas de Costura Industriais
Serviços para a Indústria Textil,Mão De Obra para Confecções
Serviços para a Indústria Textil,Peças e Acessórios para Máquinas de Costura
Serviços para a Indústria Textil,Peças e Acessórios para Máquinas de Costura Industriais
Serviços para a Indústria Textil,Reforma de Roupas
Serviços para a Indústria Textil,Relojoeiros
Serviços para a Indústria Textil,Sapateiros
Serviços para a Indústria Textil,Serigrafia e Silk-Screen
Serviços para Animais,Peixes Ornamentais e Acessórios
Serviços para Animais,Pet Shop
Serviços para Condutores,Auto Escolas
Serviços para Condutores,Guincho e Reboque
Serviços para Condutores,Inspeção Veicular
Serviços para Eventos e Festas,Animação de Eventos e Festas
Serviços para Eventos e Festas,Casas de Show e Espetáculos
Serviços para Eventos e Festas,Cerimonial e Mestre de Cerimônia
Serviços para Eventos e Festas,Criação e Montagem de Cenografia e Stands
Serviços para Eventos e Festas,DJ para Festas
Serviços para Eventos e Festas,Decoração para Festas e Eventos
Serviços para Eventos e Festas,Fotografia e Filmagem
Serviços para Eventos e Festas,Garçons e Barmans
Serviços para Eventos e Festas,"Instrumentos Musicais, Áudio e Acessórios"
Serviços para Eventos e Festas,Mágicos
Serviços para Eventos e Festas,Músicos
Serviços para Eventos e Festas,Organização de Churrascos
Serviços para Eventos e Festas,"Organização de Eventos, Formaturas e Feiras Comerciais"
Serviços para Eventos e Festas,"Serviços de Áudio, Foto e Vídeo Filmagem"
Serviços para Eventos e Festas,Som e Iluminação
Serviços para Eventos e Festas,Telão para Eventos e Festas
Serviços para Eventos e Festas,Tendas para Eventos e Festas
Sindicatos e Federações,Sindicatos e Federações
Sociedades,Advogados de Causas Autorais e Sociedades
Soluções em Telecomunicações,Equipamentos para Rádio
Soluções em Telecomunicações,Radiocomunicações
Soluções em Telecomunicações,Radiocomunicações
Soluções em Telecomunicações,Soluções em Telecomunicações
Soluções em Telecomunicações,Tv por Assinatura
Soluções em Telecomunicações,Tv por Assinatura
Soluções para Internet,Comércio Eletrônico
Soluções para Internet,Hospedagem de Sites e Venda de Domínios
Soluções para Internet,Provedores de Internet e Banda Larga
Soluções para Internet,Segurança Digital
Soluções para Internet,Soluções em Tecnologia
Soluções para Internet,Web Designer e Desenvolvimento de Sites
Telefonia,Assistência Técnica de Telefonia
Telefonia,Comércio de Equipamentos de Telefonia
Telefonia,Empresas de Telefonia
Telefonia,Postos Telefônicos
Terceirizados,Agências de Modelos
Terceirizados,Call Centers
Transporte Aéreo,Pontos de Táxi
Transporte Marítimo,Transporte Intermodal de Cargas
Transportes Especializados,Aluguel e Manutenção de Empilhadeiras
Transportes Especializados,Caminhão Pipa
Transportes Especializados,Caminhões Munck
Transportes Especializados,Empresas de Transporte Ferroviário
Transportes Especializados,Motoboy
Transportes Especializados,Portos
Transportes Especializados,Transporte Escolar
Transportes Especializados,Transporte Executivo
Transportes Especializados,Transporte Fluvial e Marítimo
Transportes Especializados,"Transporte Municipal, Intermunicipal e Interestadual"
Transportes Especializados,Transporte Pesado
Transportes Especializados,Transporte Rodoviário
Transportes Especializados,Transporte Urbano
Transportes Especializados,Transporte de Documentos
Transportes Especializados,Transporte de Mercadorias
Transportes Especializados,Transporte de Máquinas
Transportes Especializados,Transporte de Produtos Petroquímicos
Transportes Especializados,Transporte de Valores
Transportes Especializados,Transporte de Veículos
Transportes Especializados,Transporte de Água
Transportes Especializados,Transportes de Material de Construção
Veículos Leves e Pesados,Veículos Industriais
"Venda, Locação e Manutenção de Veiculos Pesados",Aluguel de Caminhões
"Venda, Locação e Manutenção de Veiculos Pesados",Consertos e Manutenção de Navios
"Venda, Locação e Manutenção de Veiculos Pesados",Moto Táxi
"Vestuário, Calçados e Acessórios",Aluguel de Roupas
"Vestuário, Calçados e Acessórios",Armarinhos e Aviamentos
"Vestuário, Calçados e Acessórios",Atelier de Costura
"Vestuário, Calçados e Acessórios",Bazares e Boutiques
"Vestuário, Calçados e Acessórios",Brechós e Roupas Usadas
"Vestuário, Calçados e Acessórios",Cabelo e Perucas
"Vestuário, Calçados e Acessórios",Camisarias
"Vestuário, Calçados e Acessórios",Comércio de Bijuterias
"Vestuário, Calçados e Acessórios",Comércio de Bolsas e Malas
"Vestuário, Calçados e Acessórios",Comércio de Bordados
"Vestuário, Calçados e Acessórios",Comércio de Cintos
"Vestuário, Calçados e Acessórios",Comércio de Couro e Artefatos
"Vestuário, Calçados e Acessórios",Comércio de Moda Praia
"Vestuário, Calçados e Acessórios",Comércio de Máquinas
"Vestuário, Calçados e Acessórios",Comércio de Pedras Preciosas e Semipreciosas
"Vestuário, Calçados e Acessórios",Comércio de Roupas
"Vestuário, Calçados e Acessórios",Confecções Infantis
"Vestuário, Calçados e Acessórios",Confecções de Moda Praia
"Vestuário, Calçados e Acessórios",Confecções e Estamparias
"Vestuário, Calçados e Acessórios",Costura Industrial
"Vestuário, Calçados e Acessórios",Enxovais para Bebês
"Vestuário, Calçados e Acessórios",Joalherias
"Vestuário, Calçados e Acessórios",Lentes de Contato
"Vestuário, Calçados e Acessórios",Lojas de Artigos Militares
"Vestuário, Calçados e Acessórios",Lojas de Bonés
"Vestuário, Calçados e Acessórios",Lojas de Bonés
"Vestuário, Calçados e Acessórios",Lojas de Calçados
"Vestuário, Calçados e Acessórios",Lojas de Lingerie
"Vestuário, Calçados e Acessórios",Lojas de Moda Infanto Juvenil
"Vestuário, Calçados e Acessórios",Lojas de Moda Íntima
"Vestuário, Calçados e Acessórios",Lojas de Roupas Femininas
"Vestuário, Calçados e Acessórios",Lojas de Roupas Masculinas
"Vestuário, Calçados e Acessórios",Lojas de Roupas Profissionais
"Vestuário, Calçados e Acessórios",Lojas de Roupas Unissex
"Vestuário, Calçados e Acessórios",Lojas de Roupas de Tamanho Especial
"Vestuário, Calçados e Acessórios",Lojas de Roupas para Gestantes
"Vestuário, Calçados e Acessórios",Lojas de Vestidos de Noivas
"Vestuário, Calçados e Acessórios",Malharias
"Vestuário, Calçados e Acessórios",Ourives e Comércio de Ouro
"Vestuário, Calçados e Acessórios",Relojoarias
"Vestuário, Calçados e Acessórios",Uniformes
"Vestuário, Calçados e Acessórios",Óticas
